{"background":{"backgroundImage":{"path":"null","type":"file"},"blurValue":0.0,"canModifyValue":false,"isBlur":false,"type":"blur"},"frameWidth":0.0,"height":1480.0,"items":[{"sticker":{"itemAttrs":{"canModify":true,"itemID":"1_photo 1","shape":{"figma":{"height":239.0,"left":88.0,"rotation":0.0,"top":0.0,"width":904.0}},"textAngle":0.0},"sticker":{"path":"1_photo 1.png","type":"file"}}},{"sticker":{"itemAttrs":{"canModify":true,"itemID":"1_photo 2","shape":{"figma":{"height":686.0,"left":88.0,"rotation":0.0,"top":256.0,"width":904.0}},"textAngle":0.0},"sticker":{"path":"1_photo 2.png","type":"file"}}},{"sticker":{"itemAttrs":{"canModify":true,"itemID":"1_photo 3","shape":{"figma":{"height":503.0,"left":88.0,"rotation":0.0,"top":978.0,"width":904.0}},"textAngle":0.0},"sticker":{"path":"1_photo 3.png","type":"file"}}},{"sticker":{"itemAttrs":{"canModify":false,"itemID":"Frame 1","shape":{"figma":{"height":1481.0,"left":1.0,"rotation":0.0,"top":0.0,"width":1081.0}},"textAngle":0.0},"sticker":{"path":"Frame 1.png","type":"file"}}}],"width":1080.0}