{"background":{"backgroundImage":{"path":"Bg_Life 5.png","type":"file"},"blurValue":0.0,"canModifyValue":false,"isBlur":false,"type":"blur"},"frameWidth":0.0,"height":1480.0,"items":[{"sticker":{"itemAttrs":{"canModify":true,"itemID":"1_photo 1","shape":{"figma":{"height":285.8900146484375,"left":93.853271484375,"rotation":0.0,"top":340.375,"width":285.8900146484375}},"textAngle":0.0},"sticker":{"path":"1_photo 1.png","type":"file"}}},{"sticker":{"itemAttrs":{"canModify":true,"itemID":"1_photo 3","shape":{"figma":{"height":285.8900146484375,"left":93.853271484375,"rotation":0.0,"top":646.2109375,"width":285.8900146484375}},"textAngle":0.0},"sticker":{"path":"1_photo 3.png","type":"file"}}},{"sticker":{"itemAttrs":{"canModify":true,"itemID":"1_photo 4","shape":{"figma":{"height":285.8900146484375,"left":93.853271484375,"rotation":0.0,"top":952.02734375,"width":285.8900146484375}},"textAngle":0.0},"sticker":{"path":"1_photo 4.png","type":"file"}}},{"sticker":{"itemAttrs":{"canModify":true,"itemID":"1_photo 2","shape":{"figma":{"height":591.7010498046875,"left":396.35400390625,"rotation":0.0,"top":337.7568359375,"width":589.2742309570312}},"textAngle":0.0},"sticker":{"path":"1_photo 2.png","type":"file"}}},{"sticker":{"itemAttrs":{"canModify":true,"itemID":"1_photo 5","shape":{"figma":{"height":285.8900146484375,"left":397.06982421875,"rotation":0.0,"top":950.2734375,"width":285.8900146484375}},"textAngle":0.0},"sticker":{"path":"1_photo 5.png","type":"file"}}},{"sticker":{"itemAttrs":{"canModify":true,"itemID":"1_photo 6","shape":{"figma":{"height":285.8900146484375,"left":699.884521484375,"rotation":0.0,"top":948.5390625,"width":285.8900146484375}},"textAngle":0.0},"sticker":{"path":"1_photo 6.png","type":"file"}}},{"text":{"itemAttrs":{"canModify":true,"itemID":"55:402","shape":{"figma":{"height":140.0,"left":39.0,"rotation":0.0,"top":175.0,"width":459.0}},"textAngle":0.0},"textAttrs":{"alignment":0.0,"backgroundAlpha":255.0,"backgroundBorder":0.0,"backgroundColor":0.0,"fontFamily":"Qwitcher Grypen","fontIndex":26.0,"gravity":0.0,"isAutoFill":false,"isBold":false,"isRTL":false,"isShowBackground":false,"isStrike":false,"isStroke":false,"isUnderline":false,"letterSpacing":0.0,"lineSpacingMultiplier":1.0,"paddingHeight":0.0,"paddingWidth":0.0,"skewX":0.0,"strokeWidth":1.0,"text":"Today","textAlpha":255.0,"textColor":-11906979,"textShaderIndex":-1.0,"textShadowIndex":0.0,"textSize":280.0,"textStyle":0.0}}}],"width":1080.0}