{"background":{"backgroundImage":{"path":"Bg_Travel 3.png","type":"file"},"blurValue":0.0,"canModifyValue":false,"isBlur":false,"type":"blur"},"frameWidth":0.0,"height":1480.0,"items":[{"sticker":{"itemAttrs":{"canModify":true,"itemID":"1_Photos 1","shape":{"figma":{"height":640.0,"left":55.0,"rotation":0.0,"top":60.0,"width":970.0}},"textAngle":0.0},"sticker":{"path":"1_Photos 1.png","type":"file"}}},{"sticker":{"itemAttrs":{"canModify":false,"itemID":"Element 1","shape":{"figma":{"height":565.0,"left":92.0,"rotation":0.0,"top":97.0,"width":896.0}},"textAngle":0.0},"sticker":{"path":"Element 1.png","type":"file"}}},{"sticker":{"itemAttrs":{"canModify":true,"itemID":"1_Photos 2","shape":{"figma":{"height":640.0,"left":55.0,"rotation":0.0,"top":780.0,"width":970.0}},"textAngle":0.0},"sticker":{"path":"1_Photos 2.png","type":"file"}}},{"sticker":{"itemAttrs":{"canModify":false,"itemID":"Element 2","shape":{"figma":{"height":565.0,"left":92.0,"rotation":0.0,"top":817.0,"width":896.0}},"textAngle":0.0},"sticker":{"path":"Element 2.png","type":"file"}}},{"sticker":{"itemAttrs":{"canModify":false,"itemID":"Element 3","shape":{"figma":{"height":300.0,"left":390.0,"rotation":0.0,"top":592.0,"width":660.0}},"textAngle":0.0},"sticker":{"path":"Element 3.png","type":"file"}}},{"text":{"itemAttrs":{"canModify":true,"itemID":"77:81","shape":{"figma":{"height":53.0,"left":135.0,"rotation":0.0,"top":1287.0,"width":261.0}},"textAngle":0.0},"textAttrs":{"alignment":0.0,"backgroundAlpha":255.0,"backgroundBorder":0.0,"backgroundColor":0.0,"fontFamily":"Tilt Warp","fontIndex":26.0,"gravity":0.0,"isAutoFill":false,"isBold":false,"isRTL":false,"isShowBackground":false,"isStrike":false,"isStroke":false,"isUnderline":false,"letterSpacing":0.0,"lineSpacingMultiplier":1.0,"paddingHeight":0.0,"paddingWidth":0.0,"skewX":0.0,"strokeWidth":1.0,"text":"Destination","textAlpha":255.0,"textColor":-1,"textShaderIndex":-1.0,"textShadowIndex":0.0,"textSize":42.0,"textStyle":0.0}}}],"width":1080.0}