{"background":{"backgroundImage":{"path":"Bg_Selfie 9.png","type":"file"},"blurValue":0.0,"canModifyValue":false,"isBlur":false,"type":"blur"},"frameWidth":0.0,"height":1480.0,"items":[{"sticker":{"itemAttrs":{"canModify":true,"itemID":"1_photo 1","shape":{"figma":{"height":938.0,"left":88.0,"rotation":0.0,"top":102.0,"width":904.0}},"textAngle":0.0},"sticker":{"path":"1_photo 1.png","type":"file"}}},{"sticker":{"itemAttrs":{"canModify":false,"itemID":"Frame 1","shape":{"figma":{"height":1332.0,"left":38.0,"rotation":0.0,"top":74.0,"width":1003.0}},"textAngle":0.0},"sticker":{"path":"Frame 1.png","type":"file"}}}],"width":1080.0}