{"background":{"backgroundImage":{"path":"Bg_Life 8.png","type":"file"},"blurValue":0.0,"canModifyValue":false,"isBlur":false,"type":"blur"},"frameWidth":0.0,"height":1480.0,"items":[{"sticker":{"itemAttrs":{"canModify":true,"itemID":"1_photo 1","shape":{"figma":{"height":629.0,"left":303.0,"rotation":0.0,"top":228.0,"width":496.0}},"textAngle":0.0},"sticker":{"path":"1_photo 1.png","type":"file"}}},{"sticker":{"itemAttrs":{"canModify":true,"itemID":"1_Frame 1","shape":{"figma":{"height":821.0,"left":207.0,"rotation":0.0,"top":191.0,"width":667.0}},"textAngle":0.0},"sticker":{"path":"1_Frame 1.png","type":"file"}}},{"text":{"itemAttrs":{"canModify":true,"itemID":"55:421","shape":{"figma":{"height":106.0,"left":73.0,"rotation":0.0,"top":1200.0,"width":956.0}},"textAngle":0.0},"textAttrs":{"alignment":0.0,"backgroundAlpha":255.0,"backgroundBorder":0.0,"backgroundColor":0.0,"fontFamily":"Nerko One","fontIndex":26.0,"gravity":0.0,"isAutoFill":false,"isBold":false,"isRTL":false,"isShowBackground":false,"isStrike":false,"isStroke":false,"isUnderline":false,"letterSpacing":0.0,"lineSpacingMultiplier":1.0,"paddingHeight":0.0,"paddingWidth":0.0,"skewX":0.0,"strokeWidth":1.0,"text":"are fresh and refreshing","textAlpha":255.0,"textColor":-84807,"textShaderIndex":-1.0,"textShadowIndex":0.0,"textSize":88.0,"textStyle":0.0}}},{"text":{"itemAttrs":{"canModify":true,"itemID":"124:6","shape":{"figma":{"height":106.0,"left":73.0,"rotation":0.0,"top":1068.0,"width":956.0}},"textAngle":0.0},"textAttrs":{"alignment":0.0,"backgroundAlpha":255.0,"backgroundBorder":0.0,"backgroundColor":0.0,"fontFamily":"Nerko One","fontIndex":26.0,"gravity":0.0,"isAutoFill":false,"isBold":false,"isRTL":false,"isShowBackground":false,"isStrike":false,"isStroke":false,"isUnderline":false,"letterSpacing":0.0,"lineSpacingMultiplier":1.0,"paddingHeight":0.0,"paddingWidth":0.0,"skewX":0.0,"strokeWidth":1.0,"text":"Spring days ","textAlpha":255.0,"textColor":-7483733,"textShaderIndex":-1.0,"textShadowIndex":0.0,"textSize":88.0,"textStyle":0.0}}}],"width":1080.0}