{"background":{"backgroundImage":{"path":"Bg_Summer 5.png","type":"file"},"blurValue":0.0,"canModifyValue":false,"isBlur":false,"type":"blur"},"frameWidth":0.0,"height":1480.0,"items":[{"sticker":{"itemAttrs":{"canModify":true,"itemID":"1_photo 1","shape":{"figma":{"height":1183.0,"left":90.0,"rotation":0.0,"top":149.0,"width":901.0}},"textAngle":0.0},"sticker":{"path":"1_photo 1.png","type":"file"}}},{"sticker":{"itemAttrs":{"canModify":true,"itemID":"1_element 1","shape":{"figma":{"height":553.0,"left":527.0,"rotation":0.0,"top":927.0,"width":553.0}},"textAngle":0.0},"sticker":{"path":"1_element 1.png","type":"file"}}},{"text":{"itemAttrs":{"canModify":true,"itemID":"21:96","shape":{"figma":{"height":177.0,"left":89.0,"rotation":0.0,"top":36.0,"width":621.0}},"textAngle":0.0},"textAttrs":{"alignment":0.0,"backgroundAlpha":255.0,"backgroundBorder":0.0,"backgroundColor":0.0,"fontFamily":"Anton","fontIndex":26.0,"gravity":0.0,"isAutoFill":false,"isBold":false,"isRTL":false,"isShowBackground":false,"isStrike":false,"isStroke":false,"isUnderline":false,"letterSpacing":0.0,"lineSpacingMultiplier":1.0,"paddingHeight":0.0,"paddingWidth":0.0,"skewX":0.0,"strokeWidth":1.0,"text":"Summer ","textAlpha":255.0,"textColor":-1,"textShaderIndex":-1.0,"textShadowIndex":0.0,"textSize":176.0,"textStyle":0.0}}}],"width":1080.0}