{"background":{"backgroundImage":{"path":"Bg_Retro 10.png","type":"file"},"blurValue":0.0,"canModifyValue":false,"isBlur":false,"type":"blur"},"frameWidth":0.0,"height":1480.0,"items":[{"sticker":{"itemAttrs":{"canModify":true,"itemID":"1_photo 1","shape":{"figma":{"height":881.6240019169418,"left":76.15653435462445,"rotation":0.0,"top":115.53125,"width":695.8729763017909}},"textAngle":0.0},"sticker":{"path":"1_photo 1.png","type":"file"}}},{"sticker":{"itemAttrs":{"canModify":false,"itemID":"Frame 1","shape":{"figma":{"height":1013.9922620412945,"left":37.00017881143867,"rotation":0.0,"top":63.0,"width":769.9061573677754}},"textAngle":0.0},"sticker":{"path":"Frame 1.png","type":"file"}}},{"sticker":{"itemAttrs":{"canModify":true,"itemID":"1_photo 2","shape":{"figma":{"height":904.609841797509,"left":279.8515625,"rotation":0.0,"top":415.14479512075104,"width":701.6520683128874}},"textAngle":0.0},"sticker":{"path":"1_photo 2.png","type":"file"}}},{"sticker":{"itemAttrs":{"canModify":false,"itemID":"Frame 2","shape":{"figma":{"height":1041.5618427416757,"left":245.0,"rotation":0.0,"top":361.00000246025775,"width":774.8652234886649}},"textAngle":0.0},"sticker":{"path":"Frame 2.png","type":"file"}}}],"width":1080.0}