{"background":{"backgroundImage":{"path":"null","type":"file"},"blurValue":0.0,"canModifyValue":false,"isBlur":false,"type":"blur"},"frameWidth":0.0,"height":1480.0,"items":[{"sticker":{"itemAttrs":{"canModify":true,"itemID":"1_photo 1","shape":{"figma":{"height":740.0,"left":1.0,"rotation":0.0,"top":0.0,"width":541.0}},"textAngle":0.0},"sticker":{"path":"1_photo 1.png","type":"file"}}},{"sticker":{"itemAttrs":{"canModify":true,"itemID":"1_photo 3","shape":{"figma":{"height":740.0,"left":1.0,"rotation":0.0,"top":740.0,"width":541.0}},"textAngle":0.0},"sticker":{"path":"1_photo 3.png","type":"file"}}},{"sticker":{"itemAttrs":{"canModify":true,"itemID":"1_photo 2","shape":{"figma":{"height":740.0,"left":542.0,"rotation":0.0,"top":0.0,"width":541.0}},"textAngle":0.0},"sticker":{"path":"1_photo 2.png","type":"file"}}},{"sticker":{"itemAttrs":{"canModify":true,"itemID":"1_photo 4","shape":{"figma":{"height":740.0,"left":542.0,"rotation":0.0,"top":740.0,"width":541.0}},"textAngle":0.0},"sticker":{"path":"1_photo 4.png","type":"file"}}},{"sticker":{"itemAttrs":{"canModify":false,"itemID":"Frame 1","shape":{"figma":{"height":775.0,"left":234.0,"rotation":0.0,"top":338.0,"width":567.0}},"textAngle":0.0},"sticker":{"path":"Frame 1.png","type":"file"}}},{"sticker":{"itemAttrs":{"canModify":true,"itemID":"1_photo 1","shape":{"figma":{"height":621.0,"left":247.0,"rotation":0.0,"top":351.0,"width":541.0}},"textAngle":0.0},"sticker":{"path":"1_photo 1.png","type":"file"}}}],"width":1080.0}