{"background":{"backgroundImage":{"path":"Bg_Life 2.png","type":"file"},"blurValue":0.0,"canModifyValue":false,"isBlur":false,"type":"blur"},"frameWidth":0.0,"height":1480.0,"items":[{"sticker":{"itemAttrs":{"canModify":true,"itemID":"1_photo 1","shape":{"figma":{"height":330.0,"left":24.9849853515625,"rotation":0.0,"top":306.985595703125,"width":330.0}},"textAngle":0.0},"sticker":{"path":"1_photo 1.png","type":"file"}}},{"sticker":{"itemAttrs":{"canModify":true,"itemID":"1_photo 4","shape":{"figma":{"height":330.0,"left":24.9849853515625,"rotation":0.0,"top":660.009033203125,"width":330.0}},"textAngle":0.0},"sticker":{"path":"1_photo 4.png","type":"file"}}},{"sticker":{"itemAttrs":{"canModify":true,"itemID":"1_photo 7","shape":{"figma":{"height":330.0,"left":24.9849853515625,"rotation":0.0,"top":1013.009033203125,"width":330.0}},"textAngle":0.0},"sticker":{"path":"1_photo 7.png","type":"file"}}},{"sticker":{"itemAttrs":{"canModify":true,"itemID":"1_photo 2","shape":{"figma":{"height":330.0,"left":374.9849853515625,"rotation":0.0,"top":304.985595703125,"width":330.0}},"textAngle":0.0},"sticker":{"path":"1_photo 2.png","type":"file"}}},{"sticker":{"itemAttrs":{"canModify":true,"itemID":"1_photo 5","shape":{"figma":{"height":330.0,"left":374.9849853515625,"rotation":0.0,"top":657.985595703125,"width":330.0}},"textAngle":0.0},"sticker":{"path":"1_photo 5.png","type":"file"}}},{"sticker":{"itemAttrs":{"canModify":true,"itemID":"1_photo 8","shape":{"figma":{"height":330.0,"left":374.9849853515625,"rotation":0.0,"top":1010.985595703125,"width":330.0}},"textAngle":0.0},"sticker":{"path":"1_photo 8.png","type":"file"}}},{"sticker":{"itemAttrs":{"canModify":true,"itemID":"1_photo 3","shape":{"figma":{"height":330.0,"left":724.9849853515625,"rotation":0.0,"top":302.985595703125,"width":330.0}},"textAngle":0.0},"sticker":{"path":"1_photo 3.png","type":"file"}}},{"sticker":{"itemAttrs":{"canModify":true,"itemID":"1_photo 6","shape":{"figma":{"height":330.0,"left":724.9849853515625,"rotation":0.0,"top":655.985595703125,"width":330.0}},"textAngle":0.0},"sticker":{"path":"1_photo 6.png","type":"file"}}},{"sticker":{"itemAttrs":{"canModify":true,"itemID":"1_photo 9","shape":{"figma":{"height":330.0,"left":724.9849853515625,"rotation":0.0,"top":1008.985595703125,"width":330.0}},"textAngle":0.0},"sticker":{"path":"1_photo 9.png","type":"file"}}}],"width":1080.0}