{"background":{"backgroundImage":{"path":"https://figma-alpha-api.s3.us-west-2.amazonaws.com/images/42634b0e-2718-4e0e-9275-a14fc81552a9","type":"file"},"blurValue":0.0,"canModifyValue":true,"isBlur":false,"type":"blur"},"frameWidth":0.0,"height":1280.0,"items":[{"sticker":{"itemAttrs":{"canModify":true,"itemID":"0:105","shape":{"figma":{"height":445.96418707818884,"left":1059.6451955349908,"rotation":0.0,"top":-3525.7265625,"width":432.5859556629007}},"textAngle":0.0},"sticker":{"path":"https://figma-alpha-api.s3.us-west-2.amazonaws.com/images/6d4a0387-1437-48cc-8e70-fb24c99c0e52","type":"file"}}},{"sticker":{"itemAttrs":{"canModify":true,"itemID":"0:108","shape":{"figma":{"height":447.6050358712673,"left":1154.6786345541477,"rotation":0.0,"top":-3069.482421875,"width":433.89199861884117}},"textAngle":0.0},"sticker":{"path":"https://figma-alpha-api.s3.us-west-2.amazonaws.com/images/7e870cf6-23d6-40e1-bb3c-3b2885aeb4f5","type":"file"}}},{"text":{"itemAttrs":{"canModify":true,"itemID":"0:101","shape":{"figma":{"height":75.07471021800302,"left":1048.9997813324444,"rotation":0.0,"top":-3638.0,"width":323.2445219536312}},"textAngle":0.0},"textAttrs":{"alignment":0.0,"backgroundAlpha":255.0,"backgroundBorder":0.0,"backgroundColor":0.0,"fontIndex":26.0,"gravity":0.0,"isAutoFill":false,"isBold":false,"isRTL":false,"isShowBackground":false,"isStrike":false,"isStroke":false,"isUnderline":false,"letterSpacing":0.0,"lineSpacingMultiplier":1.0,"paddingHeight":0.0,"paddingWidth":0.0,"skewX":0.0,"strokeWidth":1.0,"text":"Happy every day","textAlpha":255.0,"textColor":3.08739687E8,"textShaderIndex":-1.0,"textShadowIndex":0.0,"textSize":61.34201431274414,"textStyle":0.0}}},{"text":{"itemAttrs":{"canModify":true,"itemID":"0:111","shape":{"figma":{"height":111.17420680820942,"left":1138.4838334023952,"rotation":0.0,"top":-2654.634033203125,"width":434.092927724123}},"textAngle":0.0},"textAttrs":{"alignment":0.0,"backgroundAlpha":255.0,"backgroundBorder":0.0,"backgroundColor":0.0,"fontIndex":26.0,"gravity":0.0,"isAutoFill":false,"isBold":false,"isRTL":false,"isShowBackground":false,"isStrike":false,"isStroke":false,"isUnderline":false,"letterSpacing":0.0,"lineSpacingMultiplier":1.0,"paddingHeight":0.0,"paddingWidth":0.0,"skewX":0.0,"strokeWidth":1.0,"text":"Keep smiling！","textAlpha":255.0,"textColor":-9.61617176E8,"textShaderIndex":-1.0,"textShadowIndex":0.0,"textSize":60.0,"textStyle":0.0}}}],"width":720.0}