{
    "background": {
        "backgroundImage": {
            "path": "https://figma-alpha-api.s3.us-west-2.amazonaws.com/images/244cb779-3a6c-4e43-b514-0bdddc53821c",
            "type": "file"
        },
        "blurValue": 0.0,
        "canModifyValue": true,
        "isBlur": false,
        "type": "blur"
    },
    "frameWidth": 0.0,
    "height": 1280.0,
    "items": [
        {
            "sticker": {
                "itemAttrs": {
                    "canModify": true,
                    "itemID": "0:105",
                    "shape": {
                        "figma": {
                            "top": 134.41,
                            "left": 134.21,
                            "width": 385.99,
                            "height": 402.05,
                            "rotation": -7.05
                        }
                    },
                    "textAngle": 0.0
                },
                "sticker": {
                    "path": "https://figma-alpha-api.s3.us-west-2.amazonaws.com/images/b4352c1d-7c40-42af-a1cb-8bd5a5e3cf96",
                    "type": "file"
                }
            }
        },
        {
            "sticker": {
                "itemAttrs": {
                    "canModify": true,
                    "itemID": "0:108",
                    "shape": {
                        "figma": {
                            "top": 590.66,
                            "left": 233.68,
                            "width": 385.99,
                            "height": 402.05,
                            "rotation": -7.28
                        }
                    },
                    "textAngle": 0.0
                },
                "sticker": {
                    "path": "https://figma-alpha-api.s3.us-west-2.amazonaws.com/images/47e9417a-dc3a-4811-8067-fe567513f7d7",
                    "type": "file"
                }
            }
        },
        {
            "text": {
                "itemAttrs": {
                    "canModify": true,
                    "itemID": "0:101",
                    "shape": {
                        "figma": {
                            "top": 22,
                            "left": 74.25,
                            "width": 323,
                            "height": 74
                        }
                    },
                    "textAngle": -0.19
                },
                "textAttrs": {
                    "alignment": 0.0,
                    "backgroundAlpha": 255.0,
                    "backgroundBorder": 0.0,
                    "backgroundColor": 0.0,
                    "fontIndex": 26.0,
                    "gravity": 0.0,
                    "isAutoFill": false,
                    "isBold": false,
                    "isRTL": false,
                    "isShowBackground": false,
                    "isStrike": false,
                    "isStroke": false,
                    "isUnderline": false,
                    "letterSpacing": 0.0,
                    "lineSpacingMultiplier": 1.0,
                    "paddingHeight": 0.0,
                    "paddingWidth": 0.0,
                    "skewX": 0.0,
                    "strokeWidth": 1.0,
                    "text": "Happy every day",
                    "textAlpha": 255.0,
                    "textColor": -2.059570996E9,
                    "textShaderIndex": -1.0,
                    "textShadowIndex": 0.0,
                    "textSize": 61.34201431274414,
                    "textStyle": 0.0
                }
            }
        },
        {
            "text": {
                "itemAttrs": {
                    "canModify": true,
                    "itemID": "0:111",
                    "shape": {
                        "figma": {
                            "top": 1005.37,
                            "left": 170.68,
                            "width": 430,
                            "height": 60,
                            "rotation": -6.8923
                        }
                    },
                    "textAngle": 0.0
                },
                "textAttrs": {
                    "alignment": 0.0,
                    "backgroundAlpha": 255.0,
                    "backgroundBorder": 0.0,
                    "backgroundColor": 0.0,
                    "fontIndex": 26.0,
                    "gravity": 0.0,
                    "isAutoFill": false,
                    "isBold": false,
                    "isRTL": false,
                    "isShowBackground": false,
                    "isStrike": false,
                    "isStroke": false,
                    "isUnderline": false,
                    "letterSpacing": 0.0,
                    "lineSpacingMultiplier": 1.0,
                    "paddingHeight": 0.0,
                    "paddingWidth": 0.0,
                    "skewX": 0.0,
                    "strokeWidth": 1.0,
                    "text": "Keep smiling！",
                    "textAlpha": 255.0,
                    "textColor": -1.145579684E9,
                    "textShaderIndex": -1.0,
                    "textShadowIndex": 0.0,
                    "textSize": 60.0,
                    "textStyle": 0.0
                }
            }
        }
    ],
    "width": 720.0
}