{"background":{"backgroundImage":{"path":"Bg_Easter 7.png","type":"file"},"blurValue":0.0,"canModifyValue":false,"isBlur":false,"type":"blur"},"frameWidth":0.0,"height":1480.0,"items":[{"sticker":{"itemAttrs":{"canModify":true,"itemID":"1_photo 1","shape":{"figma":{"height":1384.0,"left":48.0,"rotation":0.0,"top":48.0,"width":984.0}},"textAngle":0.0},"sticker":{"path":"1_photo 1.png","type":"file"}}},{"text":{"itemAttrs":{"canModify":true,"itemID":"87:32","shape":{"figma":{"height":268.0,"left":159.0,"rotation":0.0,"top":1125.0,"width":761.0}},"textAngle":0.0},"textAttrs":{"alignment":0.0,"backgroundAlpha":255.0,"backgroundBorder":0.0,"backgroundColor":0.0,"fontFamily":"Kolker Brush","fontIndex":26.0,"gravity":0.0,"isAutoFill":false,"isBold":false,"isRTL":false,"isShowBackground":false,"isStrike":false,"isStroke":false,"isUnderline":false,"letterSpacing":0.0,"lineSpacingMultiplier":1.0,"paddingHeight":0.0,"paddingWidth":0.0,"skewX":0.0,"strokeWidth":1.0,"text":"happy Easter","textAlpha":255.0,"textColor":-1,"textShaderIndex":-1.0,"textShadowIndex":0.0,"textSize":244.0,"textStyle":0.0}}}],"width":1080.0}