{"background":{"backgroundImage":{"path":"Bg_Easter 6.png","type":"file"},"blurValue":0.0,"canModifyValue":false,"isBlur":false,"type":"blur"},"frameWidth":0.0,"height":1480.0,"items":[{"sticker":{"itemAttrs":{"canModify":true,"itemID":"1_photo 1","shape":{"figma":{"height":847.0,"left":230.0,"rotation":0.0,"top":358.0,"width":621.0}},"textAngle":0.0},"sticker":{"path":"1_photo 1.png","type":"file"}}},{"sticker":{"itemAttrs":{"canModify":true,"itemID":"1_element 1","shape":{"figma":{"height":299.0,"left":156.0,"rotation":0.0,"top":51.0,"width":768.0}},"textAngle":0.0},"sticker":{"path":"1_element 1.png","type":"file"}}}],"width":1080.0}