{"background":{"backgroundImage":{"path":"Bg_Travel 8.png","type":"file"},"blurValue":0.0,"canModifyValue":false,"isBlur":false,"type":"blur"},"frameWidth":0.0,"height":1480.0,"items":[{"sticker":{"itemAttrs":{"canModify":true,"itemID":"1_Photos 1","shape":{"figma":{"height":1420.0,"left":26.0,"rotation":0.0,"top":30.0,"width":1028.0}},"textAngle":0.0},"sticker":{"path":"1_Photos 1.png","type":"file"}}},{"sticker":{"itemAttrs":{"canModify":false,"itemID":"Element 1","shape":{"figma":{"height":1480.0,"left":0.0,"rotation":0.0,"top":0.0,"width":1080.0}},"textAngle":0.0},"sticker":{"path":"Element 1.png","type":"file"}}},{"text":{"itemAttrs":{"canModify":true,"itemID":"77:159","shape":{"figma":{"height":114.0,"left":143.0,"rotation":0.0,"top":483.0,"width":274.0}},"textAngle":0.0},"textAttrs":{"alignment":0.0,"backgroundAlpha":255.0,"backgroundBorder":0.0,"backgroundColor":0.0,"fontFamily":"Ibarra Real Nova","fontIndex":26.0,"gravity":0.0,"isAutoFill":false,"isBold":false,"isRTL":false,"isShowBackground":false,"isStrike":false,"isStroke":false,"isUnderline":false,"letterSpacing":0.0,"lineSpacingMultiplier":1.0,"paddingHeight":0.0,"paddingWidth":0.0,"skewX":0.0,"strokeWidth":1.0,"text":"Walking with dreams, roaming the world","textAlpha":255.0,"textColor":-16777216,"textShaderIndex":-1.0,"textShadowIndex":0.0,"textSize":30.0,"textStyle":0.0}}},{"text":{"itemAttrs":{"canModify":true,"itemID":"77:160","shape":{"figma":{"height":170.0,"left":143.0,"rotation":0.0,"top":217.0,"width":794.0}},"textAngle":0.0},"textAttrs":{"alignment":0.0,"backgroundAlpha":255.0,"backgroundBorder":0.0,"backgroundColor":0.0,"fontFamily":"Quentin","fontIndex":26.0,"gravity":0.0,"isAutoFill":false,"isBold":false,"isRTL":false,"isShowBackground":false,"isStrike":false,"isStroke":false,"isUnderline":false,"letterSpacing":0.0,"lineSpacingMultiplier":1.0,"paddingHeight":0.0,"paddingWidth":0.0,"skewX":0.0,"strokeWidth":1.0,"text":"Summer","textAlpha":255.0,"textColor":-16777216,"textShaderIndex":-1.0,"textShadowIndex":0.0,"textSize":227.0,"textStyle":0.0}}},{"text":{"itemAttrs":{"canModify":true,"itemID":"77:161","shape":{"figma":{"height":170.0,"left":143.0,"rotation":0.0,"top":192.0,"width":794.0}},"textAngle":0.0},"textAttrs":{"alignment":0.0,"backgroundAlpha":255.0,"backgroundBorder":0.0,"backgroundColor":0.0,"fontFamily":"Quentin","fontIndex":26.0,"gravity":0.0,"isAutoFill":false,"isBold":false,"isRTL":false,"isShowBackground":false,"isStrike":false,"isStroke":false,"isUnderline":false,"letterSpacing":0.0,"lineSpacingMultiplier":1.0,"paddingHeight":0.0,"paddingWidth":0.0,"skewX":0.0,"strokeWidth":1.0,"text":"Summer","textAlpha":255.0,"textColor":-16777216,"textShaderIndex":-1.0,"textShadowIndex":0.0,"textSize":227.0,"textStyle":0.0}}}],"width":1080.0}