{"background":{"backgroundImage":{"path":"Bg_Travel 5.png","type":"file"},"blurValue":0.0,"canModifyValue":false,"isBlur":false,"type":"blur"},"frameWidth":0.0,"height":1480.0,"items":[{"sticker":{"itemAttrs":{"canModify":true,"itemID":"1_Photos 1","shape":{"figma":{"height":577.0,"left":425.0,"rotation":0.0,"top":189.0,"width":577.0}},"textAngle":0.0},"sticker":{"path":"1_Photos 1.png","type":"file"}}},{"text":{"itemAttrs":{"canModify":true,"itemID":"77:104","shape":{"figma":{"height":268.1843719482422,"left":46.10791015625,"rotation":0.0,"top":104.83407211303711,"width":467.4064288139343}},"textAngle":-10.664045709058405},"textAttrs":{"alignment":0.0,"backgroundAlpha":255.0,"backgroundBorder":0.0,"backgroundColor":0.0,"fontFamily":"Ibarra Real Nova","fontIndex":26.0,"gravity":0.0,"isAutoFill":false,"isBold":false,"isRTL":false,"isShowBackground":false,"isStrike":false,"isStroke":false,"isUnderline":false,"letterSpacing":0.0,"lineSpacingMultiplier":1.0,"paddingHeight":0.0,"paddingWidth":0.0,"skewX":0.0,"strokeWidth":1.0,"text":"Strolling through scenery, experiencing life","textAlpha":255.0,"textColor":-13209187,"textShaderIndex":-1.0,"textShadowIndex":0.0,"textSize":51.0,"textStyle":0.0}}},{"sticker":{"itemAttrs":{"canModify":true,"itemID":"1_Photos 2","shape":{"figma":{"height":577.0,"left":70.0,"rotation":0.0,"top":807.0,"width":577.0}},"textAngle":0.0},"sticker":{"path":"1_Photos 2.png","type":"file"}}},{"text":{"itemAttrs":{"canModify":true,"itemID":"77:106","shape":{"figma":{"height":137.8068482875824,"left":720.999863743782,"rotation":0.0,"top":801.0,"width":253.0765187740326}},"textAngle":18.557071783064657},"textAttrs":{"alignment":0.0,"backgroundAlpha":255.0,"backgroundBorder":0.0,"backgroundColor":0.0,"fontFamily":"Ibarra Real Nova","fontIndex":26.0,"gravity":0.0,"isAutoFill":false,"isBold":false,"isRTL":false,"isShowBackground":false,"isStrike":false,"isStroke":false,"isUnderline":false,"letterSpacing":0.0,"lineSpacingMultiplier":1.0,"paddingHeight":0.0,"paddingWidth":0.0,"skewX":0.0,"strokeWidth":1.0,"text":"Happy！","textAlpha":255.0,"textColor":-13209187,"textShaderIndex":-1.0,"textShadowIndex":0.0,"textSize":50.0,"textStyle":0.0}}}],"width":1080.0}