{"background":{"backgroundImage":{"path":"Bg_Selfie 10.png","type":"file"},"blurValue":0.0,"canModifyValue":false,"isBlur":false,"type":"blur"},"frameWidth":0.0,"height":1480.0,"items":[{"sticker":{"itemAttrs":{"canModify":true,"itemID":"1_photo 1","shape":{"figma":{"height":734.0,"left":173.0,"rotation":0.0,"top":327.0,"width":717.0}},"textAngle":0.0},"sticker":{"path":"1_photo 1.png","type":"file"}}},{"sticker":{"itemAttrs":{"canModify":false,"itemID":"Frame 1","shape":{"figma":{"height":932.0,"left":74.0,"rotation":0.0,"top":234.0,"width":932.0}},"textAngle":0.0},"sticker":{"path":"Frame 1.png","type":"file"}}},{"text":{"itemAttrs":{"canModify":true,"itemID":"57:462","shape":{"figma":{"height":52.0,"left":326.0,"rotation":0.0,"top":1236.0,"width":429.0}},"textAngle":0.0},"textAttrs":{"alignment":0.0,"backgroundAlpha":255.0,"backgroundBorder":0.0,"backgroundColor":0.0,"fontFamily":"Chalkduster","fontIndex":26.0,"gravity":0.0,"isAutoFill":false,"isBold":false,"isRTL":false,"isShowBackground":false,"isStrike":false,"isStroke":false,"isUnderline":false,"letterSpacing":0.0,"lineSpacingMultiplier":1.0,"paddingHeight":0.0,"paddingWidth":0.0,"skewX":0.0,"strokeWidth":1.0,"text":"ASPIRATION","textAlpha":255.0,"textColor":-1,"textShaderIndex":-1.0,"textShadowIndex":0.0,"textSize":56.0,"textStyle":0.0}}}],"width":1080.0}