{"background":{"backgroundImage":{"path":"null","type":"file"},"blurValue":0.0,"canModifyValue":false,"isBlur":false,"type":"blur"},"frameWidth":0.0,"height":1480.0,"items":[{"sticker":{"itemAttrs":{"canModify":true,"itemID":"1_element 1","shape":{"figma":{"height":1480.0,"left":0.0,"rotation":0.0,"top":0.0,"width":1080.0}},"textAngle":0.0},"sticker":{"path":"1_element 1.png","type":"file"}}},{"sticker":{"itemAttrs":{"canModify":false,"itemID":"element 3","shape":{"figma":{"height":1481.0,"left":0.0,"rotation":0.0,"top":0.0,"width":497.0}},"textAngle":0.0},"sticker":{"path":"element 3.png","type":"file"}}},{"sticker":{"itemAttrs":{"canModify":true,"itemID":"1_photo 3","shape":{"figma":{"height":498.5613016684947,"left":436.9999623584463,"rotation":0.0,"top":899.5703125,"width":610.2054718923227}},"textAngle":0.0},"sticker":{"path":"1_photo 3.png","type":"file"}}},{"sticker":{"itemAttrs":{"canModify":true,"itemID":"1_photo 2","shape":{"figma":{"height":498.5613016684947,"left":437.001953125,"rotation":0.0,"top":491.78575002921934,"width":610.2054718923227}},"textAngle":0.0},"sticker":{"path":"1_photo 2.png","type":"file"}}},{"sticker":{"itemAttrs":{"canModify":true,"itemID":"1_photo 1","shape":{"figma":{"height":498.5613016684947,"left":436.9999623584463,"rotation":0.0,"top":84.0,"width":610.2054718923227}},"textAngle":0.0},"sticker":{"path":"1_photo 1.png","type":"file"}}},{"sticker":{"itemAttrs":{"canModify":true,"itemID":"1_element 4","shape":{"figma":{"height":243.5717107653618,"left":38.13427734375,"rotation":0.0,"top":145.7141501903534,"width":509.7316880226135}},"textAngle":0.0},"sticker":{"path":"1_element 4.png","type":"file"}}}],"width":1080.0}