{"background":{"backgroundImage":{"path":"null","type":"file"},"blurValue":0.0,"canModifyValue":false,"isBlur":false,"type":"blur"},"frameWidth":0.0,"height":1480.0,"items":[{"sticker":{"itemAttrs":{"canModify":true,"itemID":"1_photo 1","shape":{"figma":{"height":1146.0,"left":0.0,"rotation":0.0,"top":225.0,"width":1080.0}},"textAngle":0.0},"sticker":{"path":"1_photo 1.png","type":"file"}}},{"sticker":{"itemAttrs":{"canModify":true,"itemID":"1_element 3","shape":{"figma":{"height":353.0,"left":0.0,"rotation":0.0,"top":1127.0,"width":1080.0}},"textAngle":0.0},"sticker":{"path":"1_element 3.png","type":"file"}}},{"text":{"itemAttrs":{"canModify":true,"itemID":"21:70","shape":{"figma":{"height":101.0,"left":830.0,"rotation":0.0,"top":1203.0,"width":182.0}},"textAngle":0.0},"textAttrs":{"alignment":0.0,"backgroundAlpha":255.0,"backgroundBorder":0.0,"backgroundColor":0.0,"fontFamily":"Anton","fontIndex":26.0,"gravity":0.0,"isAutoFill":false,"isBold":false,"isRTL":false,"isShowBackground":false,"isStrike":false,"isStroke":false,"isUnderline":false,"letterSpacing":0.0,"lineSpacingMultiplier":1.0,"paddingHeight":0.0,"paddingWidth":0.0,"skewX":0.0,"strokeWidth":1.0,"text":"2024","textAlpha":255.0,"textColor":-515,"textShaderIndex":-1.0,"textShadowIndex":0.0,"textSize":80.0,"textStyle":0.0}}},{"sticker":{"itemAttrs":{"canModify":true,"itemID":"1_element 1","shape":{"figma":{"height":185.0,"left":520.0,"rotation":0.0,"top":1278.0,"width":503.0}},"textAngle":0.0},"sticker":{"path":"1_element 1.png","type":"file"}}},{"sticker":{"itemAttrs":{"canModify":true,"itemID":"1_element 2","shape":{"figma":{"height":426.0,"left":0.0,"rotation":0.0,"top":0.0,"width":1080.0}},"textAngle":0.0},"sticker":{"path":"1_element 2.png","type":"file"}}},{"text":{"itemAttrs":{"canModify":true,"itemID":"21:74","shape":{"figma":{"height":177.0,"left":81.0,"rotation":0.0,"top":62.0,"width":621.0}},"textAngle":0.0},"textAttrs":{"alignment":0.0,"backgroundAlpha":255.0,"backgroundBorder":0.0,"backgroundColor":0.0,"fontFamily":"Anton","fontIndex":26.0,"gravity":0.0,"isAutoFill":false,"isBold":false,"isRTL":false,"isShowBackground":false,"isStrike":false,"isStroke":false,"isUnderline":false,"letterSpacing":0.0,"lineSpacingMultiplier":1.0,"paddingHeight":0.0,"paddingWidth":0.0,"skewX":0.0,"strokeWidth":1.0,"text":"Summer ","textAlpha":255.0,"textColor":-14390786,"textShaderIndex":-1.0,"textShadowIndex":0.0,"textSize":176.0,"textStyle":0.0}}}],"width":1080.0}