{"background":{"backgroundImage":{"path":"Bg_Summer 4.png","type":"file"},"blurValue":0.0,"canModifyValue":false,"isBlur":false,"type":"blur"},"frameWidth":0.0,"height":1480.0,"items":[{"sticker":{"itemAttrs":{"canModify":true,"itemID":"1_photo 1","shape":{"figma":{"height":592.0,"left":94.0,"rotation":0.0,"top":334.0,"width":286.0}},"textAngle":0.0},"sticker":{"path":"1_photo 1.png","type":"file"}}},{"sticker":{"itemAttrs":{"canModify":true,"itemID":"1_photo 3","shape":{"figma":{"height":285.8900146484375,"left":93.8515625,"rotation":0.0,"top":945.361328125,"width":589.8704223632812}},"textAngle":0.0},"sticker":{"path":"1_photo 3.png","type":"file"}}},{"sticker":{"itemAttrs":{"canModify":true,"itemID":"1_photo 2","shape":{"figma":{"height":591.7010498046875,"left":396.35546875,"rotation":0.0,"top":334.0,"width":589.2742309570312}},"textAngle":0.0},"sticker":{"path":"1_photo 2.png","type":"file"}}},{"sticker":{"itemAttrs":{"canModify":true,"itemID":"1_photo 4","shape":{"figma":{"height":285.8900146484375,"left":699.884765625,"rotation":0.0,"top":945.2421875,"width":285.8900146484375}},"textAngle":0.0},"sticker":{"path":"1_photo 4.png","type":"file"}}},{"sticker":{"itemAttrs":{"canModify":true,"itemID":"1_element 1","shape":{"figma":{"height":379.8148416876793,"left":0.0,"rotation":0.0,"top":71.00000584125519,"width":667.55673186481}},"textAngle":0.0},"sticker":{"path":"1_element 1.png","type":"file"}}},{"sticker":{"itemAttrs":{"canModify":true,"itemID":"1_element 2","shape":{"figma":{"height":484.0,"left":611.0,"rotation":0.0,"top":996.0,"width":464.0}},"textAngle":0.0},"sticker":{"path":"1_element 2.png","type":"file"}}}],"width":1080.0}