{"background":{"backgroundImage":{"path":"Bg_Travel 9.png","type":"file"},"blurValue":0.0,"canModifyValue":false,"isBlur":false,"type":"blur"},"frameWidth":0.0,"height":1480.0,"items":[{"sticker":{"itemAttrs":{"canModify":true,"itemID":"1_Photos 1","shape":{"figma":{"height":435.0,"left":65.0,"rotation":0.0,"top":54.0,"width":950.0}},"textAngle":0.0},"sticker":{"path":"1_Photos 1.png","type":"file"}}},{"sticker":{"itemAttrs":{"canModify":true,"itemID":"1_Photos 2","shape":{"figma":{"height":472.0,"left":65.0,"rotation":0.0,"top":482.0,"width":481.0}},"textAngle":0.0},"sticker":{"path":"1_Photos 2.png","type":"file"}}},{"sticker":{"itemAttrs":{"canModify":true,"itemID":"1_Photos 3","shape":{"figma":{"height":462.0,"left":574.0,"rotation":0.0,"top":443.0,"width":441.0}},"textAngle":0.0},"sticker":{"path":"1_Photos 3.png","type":"file"}}},{"sticker":{"itemAttrs":{"canModify":true,"itemID":"1_Photos 4","shape":{"figma":{"height":525.0,"left":65.0,"rotation":0.0,"top":890.0,"width":950.0}},"textAngle":0.0},"sticker":{"path":"1_Photos 4.png","type":"file"}}},{"text":{"itemAttrs":{"canModify":true,"itemID":"77:168","shape":{"figma":{"height":171.0,"left":122.0,"rotation":0.0,"top":98.0,"width":675.0}},"textAngle":0.0},"textAttrs":{"alignment":0.0,"backgroundAlpha":255.0,"backgroundBorder":0.0,"backgroundColor":0.0,"fontFamily":"Roboto","fontIndex":26.0,"gravity":0.0,"isAutoFill":false,"isBold":false,"isRTL":false,"isShowBackground":false,"isStrike":false,"isStroke":false,"isUnderline":false,"letterSpacing":0.0,"lineSpacingMultiplier":1.0,"paddingHeight":0.0,"paddingWidth":0.0,"skewX":0.0,"strokeWidth":1.0,"text":"sightsee","textAlpha":255.0,"textColor":-1,"textShaderIndex":-1.0,"textShadowIndex":0.0,"textSize":146.0,"textStyle":0.0}}},{"text":{"itemAttrs":{"canModify":true,"itemID":"77:169","shape":{"figma":{"height":171.0,"left":117.0,"rotation":0.0,"top":94.0,"width":675.0}},"textAngle":0.0},"textAttrs":{"alignment":0.0,"backgroundAlpha":255.0,"backgroundBorder":0.0,"backgroundColor":0.0,"fontFamily":"Roboto","fontIndex":26.0,"gravity":0.0,"isAutoFill":false,"isBold":false,"isRTL":false,"isShowBackground":false,"isStrike":false,"isStroke":false,"isUnderline":false,"letterSpacing":0.0,"lineSpacingMultiplier":1.0,"paddingHeight":0.0,"paddingWidth":0.0,"skewX":0.0,"strokeWidth":1.0,"text":"sightsee","textAlpha":255.0,"textColor":-1,"textShaderIndex":-1.0,"textShadowIndex":0.0,"textSize":146.0,"textStyle":0.0}}},{"text":{"itemAttrs":{"canModify":true,"itemID":"77:170","shape":{"figma":{"height":180.00000371546832,"left":874.9999921319504,"rotation":0.0,"top":1199.9999962845318,"width":85.00001549744411}},"textAngle":-92.39978650036969},"textAttrs":{"alignment":0.0,"backgroundAlpha":255.0,"backgroundBorder":0.0,"backgroundColor":0.0,"fontFamily":"Tilt Warp","fontIndex":26.0,"gravity":0.0,"isAutoFill":false,"isBold":false,"isRTL":false,"isShowBackground":false,"isStrike":false,"isStroke":false,"isUnderline":false,"letterSpacing":0.0,"lineSpacingMultiplier":1.0,"paddingHeight":0.0,"paddingWidth":0.0,"skewX":0.0,"strokeWidth":1.0,"text":"2024","textAlpha":255.0,"textColor":-1,"textShaderIndex":-1.0,"textShadowIndex":0.0,"textSize":70.0,"textStyle":0.0}}}],"width":1080.0}