{"background":{"backgroundImage":{"path":"null","type":"file"},"blurValue":0.0,"canModifyValue":false,"isBlur":false,"type":"blur"},"frameWidth":0.0,"height":1480.0,"items":[{"sticker":{"itemAttrs":{"canModify":true,"itemID":"1_photo 1","shape":{"figma":{"height":1480.0,"left":0.0,"rotation":0.0,"top":0.0,"width":1080.0}},"textAngle":0.0},"sticker":{"path":"1_photo 1.png","type":"file"}}},{"sticker":{"itemAttrs":{"canModify":true,"itemID":"1_element 2","shape":{"figma":{"height":424.05405950546265,"left":0.0,"rotation":0.0,"top":15.999979138374329,"width":588.8099367022514}},"textAngle":0.0},"sticker":{"path":"1_element 2.png","type":"file"}}},{"sticker":{"itemAttrs":{"canModify":true,"itemID":"1_element 1","shape":{"figma":{"height":426.0,"left":98.0,"rotation":0.0,"top":999.0,"width":884.0}},"textAngle":0.0},"sticker":{"path":"1_element 1.png","type":"file"}}}],"width":1080.0}