{"background":{"backgroundImage":{"path":"Bg_Life 1.png","type":"file"},"blurValue":0.0,"canModifyValue":false,"isBlur":false,"type":"blur"},"frameWidth":0.0,"height":1480.0,"items":[{"sticker":{"itemAttrs":{"canModify":true,"itemID":"1_photo 1","shape":{"figma":{"height":362.0,"left":136.0,"rotation":0.0,"top":378.0,"width":805.0}},"textAngle":0.0},"sticker":{"path":"1_photo 1.png","type":"file"}}},{"sticker":{"itemAttrs":{"canModify":true,"itemID":"1_photo 3","shape":{"figma":{"height":607.310546875,"left":487.61083984375,"rotation":0.0,"top":765.3564453125,"width":455.20166015625}},"textAngle":0.0},"sticker":{"path":"1_photo 3.png","type":"file"}}},{"sticker":{"itemAttrs":{"canModify":false,"itemID":"Frame 1","shape":{"figma":{"height":607.310546875,"left":137.815185546875,"rotation":0.0,"top":765.75927734375,"width":320.61041259765625}},"textAngle":0.0},"sticker":{"path":"Frame 1.png","type":"file"}}},{"text":{"itemAttrs":{"canModify":true,"itemID":"55:320","shape":{"figma":{"height":120.0,"left":136.0,"rotation":0.0,"top":115.0,"width":748.0}},"textAngle":0.0},"textAttrs":{"alignment":0.0,"backgroundAlpha":255.0,"backgroundBorder":0.0,"backgroundColor":0.0,"fontFamily":"Timmana","fontIndex":26.0,"gravity":0.0,"isAutoFill":false,"isBold":false,"isRTL":false,"isShowBackground":false,"isStrike":false,"isStroke":false,"isUnderline":false,"letterSpacing":0.0,"lineSpacingMultiplier":1.0,"paddingHeight":0.0,"paddingWidth":0.0,"skewX":0.0,"strokeWidth":1.0,"text":"Life Records","textAlpha":255.0,"textColor":-10202301,"textShaderIndex":-1.0,"textShadowIndex":0.0,"textSize":150.0,"textStyle":0.0}}}],"width":1080.0}