{"background":{"backgroundImage":{"path":"Bg_Summer 6.png","type":"file"},"blurValue":0.0,"canModifyValue":false,"isBlur":false,"type":"blur"},"frameWidth":0.0,"height":1480.0,"items":[{"sticker":{"itemAttrs":{"canModify":true,"itemID":"1_photo 1","shape":{"figma":{"height":600.0,"left":53.0,"rotation":0.0,"top":126.0,"width":473.0}},"textAngle":0.0},"sticker":{"path":"1_photo 1.png","type":"file"}}},{"sticker":{"itemAttrs":{"canModify":true,"itemID":"1_photo 2","shape":{"figma":{"height":600.0,"left":554.0,"rotation":0.0,"top":126.0,"width":473.0}},"textAngle":0.0},"sticker":{"path":"1_photo 2.png","type":"file"}}},{"sticker":{"itemAttrs":{"canModify":true,"itemID":"1_photo 3","shape":{"figma":{"height":600.0,"left":554.0,"rotation":0.0,"top":754.0,"width":473.0}},"textAngle":0.0},"sticker":{"path":"1_photo 3.png","type":"file"}}},{"sticker":{"itemAttrs":{"canModify":true,"itemID":"1_element 1","shape":{"figma":{"height":174.0,"left":40.0,"rotation":0.0,"top":59.0,"width":169.0}},"textAngle":0.0},"sticker":{"path":"1_element 1.png","type":"file"}}},{"sticker":{"itemAttrs":{"canModify":true,"itemID":"1_element 2","shape":{"figma":{"height":350.0,"left":102.0,"rotation":0.0,"top":879.0,"width":350.0}},"textAngle":0.0},"sticker":{"path":"1_element 2.png","type":"file"}}},{"text":{"itemAttrs":{"canModify":true,"itemID":"21:105","shape":{"figma":{"height":89.0,"left":154.0,"rotation":0.0,"top":1265.0,"width":269.0}},"textAngle":0.0},"textAttrs":{"alignment":0.0,"backgroundAlpha":255.0,"backgroundBorder":0.0,"backgroundColor":0.0,"fontFamily":"Anton","fontIndex":26.0,"gravity":0.0,"isAutoFill":false,"isBold":false,"isRTL":false,"isShowBackground":false,"isStrike":false,"isStroke":false,"isUnderline":false,"letterSpacing":0.0,"lineSpacingMultiplier":1.0,"paddingHeight":0.0,"paddingWidth":0.0,"skewX":0.0,"strokeWidth":1.0,"text":"Summer ","textAlpha":255.0,"textColor":-1,"textShaderIndex":-1.0,"textShadowIndex":0.0,"textSize":76.0,"textStyle":0.0}}}],"width":1080.0}