{"background":{"backgroundImage":{"path":"Bg_Travel 2.png","type":"file"},"blurValue":0.0,"canModifyValue":false,"isBlur":false,"type":"blur"},"frameWidth":0.0,"height":1480.0,"items":[{"sticker":{"itemAttrs":{"canModify":false,"itemID":"Frame 1","shape":{"figma":{"height":712.588476061821,"left":40.11091756820679,"rotation":0.0,"top":86.0,"width":651.777293920517}},"textAngle":0.0},"sticker":{"path":"Frame 1.png","type":"file"}}},{"sticker":{"itemAttrs":{"canModify":true,"itemID":"1_Photos 1","shape":{"figma":{"height":639.1545526385307,"left":93.34895461797714,"rotation":0.0,"top":130.921875,"width":568.4438757300377}},"textAngle":0.0},"sticker":{"path":"1_Photos 1.png","type":"file"}}},{"sticker":{"itemAttrs":{"canModify":false,"itemID":"Frame 2","shape":{"figma":{"height":710.624972641468,"left":427.3935546875,"rotation":0.0,"top":744.6874982714653,"width":649.2122467756271}},"textAngle":0.0},"sticker":{"path":"Frame 2.png","type":"file"}}},{"sticker":{"itemAttrs":{"canModify":true,"itemID":"1_Photos 2","shape":{"figma":{"height":640.4023519456387,"left":482.9013671875,"rotation":0.0,"top":781.2163758575916,"width":566.8499011993408}},"textAngle":0.0},"sticker":{"path":"1_Photos 2.png","type":"file"}}},{"text":{"itemAttrs":{"canModify":true,"itemID":"77:34","shape":{"figma":{"height":126.0,"left":173.0,"rotation":0.0,"top":864.0,"width":235.0}},"textAngle":0.0},"textAttrs":{"alignment":0.0,"backgroundAlpha":255.0,"backgroundBorder":0.0,"backgroundColor":0.0,"fontFamily":"Tilt Warp","fontIndex":26.0,"gravity":0.0,"isAutoFill":false,"isBold":false,"isRTL":false,"isShowBackground":false,"isStrike":false,"isStroke":false,"isUnderline":false,"letterSpacing":0.0,"lineSpacingMultiplier":1.0,"paddingHeight":0.0,"paddingWidth":0.0,"skewX":0.0,"strokeWidth":1.0,"text":"Pleasant\n trip","textAlpha":255.0,"textColor":-16777216,"textShaderIndex":-1.0,"textShadowIndex":0.0,"textSize":50.0,"textStyle":0.0}}},{"sticker":{"itemAttrs":{"canModify":false,"itemID":"Element 1","shape":{"figma":{"height":182.73920210027836,"left":94.19873046875,"rotation":0.0,"top":29.80213549836253,"width":255.79978601314906}},"textAngle":0.0},"sticker":{"path":"Element 1.png","type":"file"}}},{"sticker":{"itemAttrs":{"canModify":false,"itemID":"Element 2","shape":{"figma":{"height":233.7951032038709,"left":766.0000152587891,"rotation":0.0,"top":647.0,"width":268.9108481966623}},"textAngle":0.0},"sticker":{"path":"Element 2.png","type":"file"}}},{"sticker":{"itemAttrs":{"canModify":false,"itemID":"Element 3","shape":{"figma":{"height":333.9708674745234,"left":436.8566102218392,"rotation":0.0,"top":1199.126953125,"width":333.9708674745234}},"textAngle":0.0},"sticker":{"path":"Element 3.png","type":"file"}}}],"width":1080.0}