{"background":{"backgroundImage":{"path":"Bg_Life 4.png","type":"file"},"blurValue":0.0,"canModifyValue":false,"isBlur":false,"type":"blur"},"frameWidth":0.0,"height":1480.0,"items":[{"sticker":{"itemAttrs":{"canModify":true,"itemID":"1_photo 2","shape":{"figma":{"height":408.8857124216495,"left":10.47912550958074,"rotation":0.0,"top":358.3066398732724,"width":641.008850564638}},"textAngle":0.0},"sticker":{"path":"1_photo 2.png","type":"file"}}},{"sticker":{"itemAttrs":{"canModify":true,"itemID":"1_photo 2","shape":{"figma":{"height":409.00000617716387,"left":660.2610778808594,"rotation":0.0,"top":357.99999382283613,"width":419.73895787505353}},"textAngle":0.0},"sticker":{"path":"1_photo 2.png","type":"file"}}},{"sticker":{"itemAttrs":{"canModify":true,"itemID":"1_Frame 1","shape":{"figma":{"height":563.0001082870815,"left":0.9980714845141847,"rotation":0.0,"top":280.99995274807475,"width":1080.9980714845142}},"textAngle":0.0},"sticker":{"path":"1_Frame 1.png","type":"file"}}},{"sticker":{"itemAttrs":{"canModify":true,"itemID":"1_photo 5","shape":{"figma":{"height":365.0,"left":5.4931640625E-4,"rotation":0.0,"top":970.999267578125,"width":388.0}},"textAngle":0.0},"sticker":{"path":"1_photo 5.png","type":"file"}}},{"sticker":{"itemAttrs":{"canModify":true,"itemID":"1_photo 4","shape":{"figma":{"height":365.4490872156189,"left":387.81756591796875,"rotation":0.0,"top":970.8741549718811,"width":589.9045119290381}},"textAngle":0.0},"sticker":{"path":"1_photo 4.png","type":"file"}}},{"sticker":{"itemAttrs":{"canModify":true,"itemID":"1_Frame 2","shape":{"figma":{"height":503.0000736607185,"left":2.1986829665365804E-5,"rotation":0.0,"top":901.9999568568596,"width":987.0000219868297}},"textAngle":0.0},"sticker":{"path":"1_Frame 2.png","type":"file"}}}],"width":1080.0}