{"background":{"backgroundImage":{"path":"Bg_Travel 4.png","type":"file"},"blurValue":0.0,"canModifyValue":false,"isBlur":false,"type":"blur"},"frameWidth":0.0,"height":1480.0,"items":[{"sticker":{"itemAttrs":{"canModify":true,"itemID":"1_Photos 1","shape":{"figma":{"height":678.0,"left":242.0,"rotation":0.0,"top":104.0,"width":597.0}},"textAngle":0.0},"sticker":{"path":"1_Photos 1.png","type":"file"}}},{"sticker":{"itemAttrs":{"canModify":true,"itemID":"1_Photos 2","shape":{"figma":{"height":545.0,"left":242.0,"rotation":0.0,"top":871.0,"width":597.0}},"textAngle":0.0},"sticker":{"path":"1_Photos 2.png","type":"file"}}},{"text":{"itemAttrs":{"canModify":true,"itemID":"77:90","shape":{"figma":{"height":771.0000088734118,"left":851.9999662985197,"rotation":0.0,"top":616.9999911265882,"width":203.00003370148033}},"textAngle":92.39978650036969},"textAttrs":{"alignment":0.0,"backgroundAlpha":255.0,"backgroundBorder":0.0,"backgroundColor":0.0,"fontFamily":"Ibarra Real Nova","fontIndex":26.0,"gravity":0.0,"isAutoFill":false,"isBold":false,"isRTL":false,"isShowBackground":false,"isStrike":false,"isStroke":false,"isUnderline":false,"letterSpacing":0.0,"lineSpacingMultiplier":1.0,"paddingHeight":0.0,"paddingWidth":0.0,"skewX":0.0,"strokeWidth":1.0,"text":"Experience","textAlpha":255.0,"textColor":-8691115,"textShaderIndex":-1.0,"textShadowIndex":0.0,"textSize":162.0,"textStyle":0.0}}},{"text":{"itemAttrs":{"canModify":true,"itemID":"77:91","shape":{"figma":{"height":829.0000080866068,"left":57.999963763259075,"rotation":0.0,"top":103.99999191339316,"width":185.00003623674093}},"textAngle":92.39978650036969},"textAttrs":{"alignment":0.0,"backgroundAlpha":255.0,"backgroundBorder":0.0,"backgroundColor":0.0,"fontFamily":"Ibarra Real Nova","fontIndex":26.0,"gravity":0.0,"isAutoFill":false,"isBold":false,"isRTL":false,"isShowBackground":false,"isStrike":false,"isStroke":false,"isUnderline":false,"letterSpacing":0.0,"lineSpacingMultiplier":1.0,"paddingHeight":0.0,"paddingWidth":0.0,"skewX":0.0,"strokeWidth":1.0,"text":"Destination","textAlpha":255.0,"textColor":-8691115,"textShaderIndex":-1.0,"textShadowIndex":0.0,"textSize":148.0,"textStyle":0.0}}}],"width":1080.0}