{"background":{"backgroundImage":{"path":"Bg_Halloween 5 .png","type":"file"},"blurValue":0.0,"canModifyValue":false,"isBlur":false,"type":"blur"},"frameWidth":0.0,"height":1480.0,"items":[{"sticker":{"itemAttrs":{"canModify":true,"itemID":"1_photo 2","shape":{"figma":{"height":592.0,"left":412.0,"rotation":0.0,"top":311.0,"width":611.0}},"textAngle":0.0},"sticker":{"path":"1_photo 2.png","type":"file"}}},{"sticker":{"itemAttrs":{"canModify":true,"itemID":"1_photo 1","shape":{"figma":{"height":688.0,"left":60.0,"rotation":0.0,"top":716.0,"width":688.0}},"textAngle":0.0},"sticker":{"path":"1_photo 1.png","type":"file"}}},{"sticker":{"itemAttrs":{"canModify":true,"itemID":"1_element 4","shape":{"figma":{"height":688.0,"left":60.0,"rotation":0.0,"top":716.0,"width":688.0}},"textAngle":0.0},"sticker":{"path":"1_element 4.png","type":"file"}}},{"sticker":{"itemAttrs":{"canModify":true,"itemID":"1_element 2","shape":{"figma":{"height":480.0,"left":0.0,"rotation":0.0,"top":0.0,"width":742.0}},"textAngle":0.0},"sticker":{"path":"1_element 2.png","type":"file"}}},{"sticker":{"itemAttrs":{"canModify":true,"itemID":"1_element 3","shape":{"figma":{"height":351.0,"left":634.0,"rotation":0.0,"top":1129.0,"width":446.0}},"textAngle":0.0},"sticker":{"path":"1_element 3.png","type":"file"}}},{"sticker":{"itemAttrs":{"canModify":true,"itemID":"1_element 1","shape":{"figma":{"height":136.0,"left":174.0,"rotation":0.0,"top":261.0,"width":372.0}},"textAngle":0.0},"sticker":{"path":"1_element 1.png","type":"file"}}}],"width":1080.0}