{"background":{"backgroundImage":{"path":"Bg_Easter 5.png","type":"file"},"blurValue":0.0,"canModifyValue":false,"isBlur":false,"type":"blur"},"frameWidth":0.0,"height":1480.0,"items":[{"sticker":{"itemAttrs":{"canModify":true,"itemID":"1_photo 1","shape":{"figma":{"height":1318.0,"left":59.0,"rotation":0.0,"top":81.0,"width":962.0}},"textAngle":0.0},"sticker":{"path":"1_photo 1.png","type":"file"}}},{"sticker":{"itemAttrs":{"canModify":true,"itemID":"1_element 2","shape":{"figma":{"height":535.0,"left":543.0,"rotation":0.0,"top":945.0,"width":537.0}},"textAngle":0.0},"sticker":{"path":"1_element 2.png","type":"file"}}},{"sticker":{"itemAttrs":{"canModify":true,"itemID":"1_element 1","shape":{"figma":{"height":282.0,"left":27.0,"rotation":0.0,"top":33.0,"width":282.0}},"textAngle":0.0},"sticker":{"path":"1_element 1.png","type":"file"}}},{"sticker":{"itemAttrs":{"canModify":true,"itemID":"1_element 3","shape":{"figma":{"height":372.5,"left":303.0,"rotation":0.0,"top":554.0,"width":512.5}},"textAngle":0.0},"sticker":{"path":"1_element 3.png","type":"file"}}}],"width":1080.0}