{"background":{"backgroundImage":{"path":"Bg_Life 8.png","type":"file"},"blurValue":0.0,"canModifyValue":false,"isBlur":false,"type":"blur"},"frameWidth":0.0,"height":1480.0,"items":[{"sticker":{"itemAttrs":{"canModify":true,"itemID":"1_photo 1","shape":{"figma":{"height":330.018798828125,"left":65.0281982421875,"rotation":0.0,"top":167.4661865234375,"width":292.6409912109375}},"textAngle":0.0},"sticker":{"path":"1_photo 1.png","type":"file"}}},{"sticker":{"itemAttrs":{"canModify":false,"itemID":"Frame 1","shape":{"figma":{"height":381.98309326171875,"left":55.0,"rotation":0.0,"top":131.0,"width":313.6090087890625}},"textAngle":0.0},"sticker":{"path":"Frame 1.png","type":"file"}}},{"sticker":{"itemAttrs":{"canModify":true,"itemID":"1_photo 2","shape":{"figma":{"height":330.018798828125,"left":393.2237548828125,"rotation":0.0,"top":167.4661865234375,"width":292.6409912109375}},"textAngle":0.0},"sticker":{"path":"1_photo 2.png","type":"file"}}},{"sticker":{"itemAttrs":{"canModify":false,"itemID":"Frame 2","shape":{"figma":{"height":381.98309326171875,"left":383.195556640625,"rotation":0.0,"top":131.0,"width":313.6090087890625}},"textAngle":0.0},"sticker":{"path":"Frame 2.png","type":"file"}}},{"sticker":{"itemAttrs":{"canModify":true,"itemID":"1_photo 3","shape":{"figma":{"height":330.018798828125,"left":721.419189453125,"rotation":0.0,"top":167.4661865234375,"width":292.6409912109375}},"textAngle":0.0},"sticker":{"path":"1_photo 3.png","type":"file"}}},{"sticker":{"itemAttrs":{"canModify":false,"itemID":"Frame 3","shape":{"figma":{"height":381.98309326171875,"left":711.3909912109375,"rotation":0.0,"top":131.0,"width":313.6090087890625}},"textAngle":0.0},"sticker":{"path":"Frame 3.png","type":"file"}}},{"sticker":{"itemAttrs":{"canModify":true,"itemID":"1_photo 4","shape":{"figma":{"height":330.018798828125,"left":65.0281982421875,"rotation":0.0,"top":585.46630859375,"width":292.6409912109375}},"textAngle":0.0},"sticker":{"path":"1_photo 4.png","type":"file"}}},{"sticker":{"itemAttrs":{"canModify":false,"itemID":"Frame 4","shape":{"figma":{"height":381.98309326171875,"left":55.0,"rotation":0.0,"top":549.0,"width":313.6090087890625}},"textAngle":0.0},"sticker":{"path":"Frame 4.png","type":"file"}}},{"sticker":{"itemAttrs":{"canModify":true,"itemID":"1_photo 5","shape":{"figma":{"height":330.018798828125,"left":393.2237548828125,"rotation":0.0,"top":585.46630859375,"width":292.6409912109375}},"textAngle":0.0},"sticker":{"path":"1_photo 5.png","type":"file"}}},{"sticker":{"itemAttrs":{"canModify":false,"itemID":"Frame 5","shape":{"figma":{"height":381.98309326171875,"left":383.195556640625,"rotation":0.0,"top":549.0,"width":313.6090087890625}},"textAngle":0.0},"sticker":{"path":"Frame 5.png","type":"file"}}},{"sticker":{"itemAttrs":{"canModify":true,"itemID":"1_photo 6","shape":{"figma":{"height":330.018798828125,"left":721.419189453125,"rotation":0.0,"top":585.46630859375,"width":292.6409912109375}},"textAngle":0.0},"sticker":{"path":"1_photo 6.png","type":"file"}}},{"sticker":{"itemAttrs":{"canModify":false,"itemID":"Frame 6","shape":{"figma":{"height":381.98309326171875,"left":711.3909912109375,"rotation":0.0,"top":549.0,"width":313.6090087890625}},"textAngle":0.0},"sticker":{"path":"Frame 6.png","type":"file"}}},{"sticker":{"itemAttrs":{"canModify":true,"itemID":"1_photo 7","shape":{"figma":{"height":330.018798828125,"left":65.0281982421875,"rotation":0.0,"top":1003.46630859375,"width":292.6409912109375}},"textAngle":0.0},"sticker":{"path":"1_photo 7.png","type":"file"}}},{"sticker":{"itemAttrs":{"canModify":false,"itemID":"Frame 7","shape":{"figma":{"height":381.98309326171875,"left":55.0,"rotation":0.0,"top":967.0,"width":313.6090087890625}},"textAngle":0.0},"sticker":{"path":"Frame 7.png","type":"file"}}},{"sticker":{"itemAttrs":{"canModify":true,"itemID":"1_photo 8","shape":{"figma":{"height":330.018798828125,"left":393.2237548828125,"rotation":0.0,"top":1003.46630859375,"width":292.6409912109375}},"textAngle":0.0},"sticker":{"path":"1_photo 8.png","type":"file"}}},{"sticker":{"itemAttrs":{"canModify":false,"itemID":"Frame 8","shape":{"figma":{"height":381.98309326171875,"left":383.195556640625,"rotation":0.0,"top":967.0,"width":313.6090087890625}},"textAngle":0.0},"sticker":{"path":"Frame 8.png","type":"file"}}},{"sticker":{"itemAttrs":{"canModify":true,"itemID":"1_photo 9","shape":{"figma":{"height":330.018798828125,"left":721.419189453125,"rotation":0.0,"top":1003.46630859375,"width":292.6409912109375}},"textAngle":0.0},"sticker":{"path":"1_photo 9.png","type":"file"}}},{"sticker":{"itemAttrs":{"canModify":false,"itemID":"Frame 9","shape":{"figma":{"height":381.98309326171875,"left":711.3909912109375,"rotation":0.0,"top":967.0,"width":313.6090087890625}},"textAngle":0.0},"sticker":{"path":"Frame 9.png","type":"file"}}}],"width":1080.0}