{"background":{"backgroundImage":{"path":"null","type":"file"},"blurValue":0.0,"canModifyValue":false,"isBlur":false,"type":"blur"},"frameWidth":0.0,"height":1480.0,"items":[{"sticker":{"itemAttrs":{"canModify":true,"itemID":"1_photo 2","shape":{"figma":{"height":1481.0,"left":0.0,"rotation":0.0,"top":0.0,"width":1080.0}},"textAngle":0.0},"sticker":{"path":"1_photo 2.png","type":"file"}}},{"sticker":{"itemAttrs":{"canModify":true,"itemID":"1_photo 1","shape":{"figma":{"height":582.0,"left":237.0,"rotation":0.0,"top":441.0,"width":589.0}},"textAngle":0.0},"sticker":{"path":"1_photo 1.png","type":"file"}}},{"sticker":{"itemAttrs":{"canModify":false,"itemID":"Frame 1","shape":{"figma":{"height":740.0,"left":184.0,"rotation":0.0,"top":370.0,"width":712.0}},"textAngle":0.0},"sticker":{"path":"Frame 1.png","type":"file"}}},{"text":{"itemAttrs":{"canModify":true,"itemID":"55:158","shape":{"figma":{"height":70.0,"left":365.0,"rotation":0.0,"top":70.0,"width":349.0}},"textAngle":0.0},"textAttrs":{"alignment":0.0,"backgroundAlpha":255.0,"backgroundBorder":0.0,"backgroundColor":0.0,"fontFamily":"Aboreto","fontIndex":26.0,"gravity":0.0,"isAutoFill":false,"isBold":false,"isRTL":false,"isShowBackground":false,"isStrike":false,"isStroke":false,"isUnderline":false,"letterSpacing":0.0,"lineSpacingMultiplier":1.0,"paddingHeight":0.0,"paddingWidth":0.0,"skewX":0.0,"strokeWidth":1.0,"text":"I LOVE YOU","textAlpha":255.0,"textColor":-1,"textShaderIndex":-1.0,"textShadowIndex":0.0,"textSize":48.0,"textStyle":0.0}}}],"width":1080.0}