{"background":{"backgroundImage":{"path":"Bg_Summer 7.png","type":"file"},"blurValue":0.0,"canModifyValue":false,"isBlur":false,"type":"blur"},"frameWidth":0.0,"height":1480.0,"items":[{"sticker":{"itemAttrs":{"canModify":true,"itemID":"1_photo 2","shape":{"figma":{"height":654.0,"left":0.0,"rotation":0.0,"top":827.0,"width":1005.0}},"textAngle":0.0},"sticker":{"path":"1_photo 2.png","type":"file"}}},{"sticker":{"itemAttrs":{"canModify":true,"itemID":"1_photo 1","shape":{"figma":{"height":752.0,"left":75.0,"rotation":0.0,"top":0.0,"width":1005.0}},"textAngle":0.0},"sticker":{"path":"1_photo 1.png","type":"file"}}},{"text":{"itemAttrs":{"canModify":true,"itemID":"21:110","shape":{"figma":{"height":90.0,"left":339.0,"rotation":0.0,"top":731.0,"width":403.0}},"textAngle":0.0},"textAttrs":{"alignment":0.0,"backgroundAlpha":255.0,"backgroundBorder":0.0,"backgroundColor":0.0,"fontFamily":"Poiret One","fontIndex":26.0,"gravity":0.0,"isAutoFill":false,"isBold":false,"isRTL":false,"isShowBackground":false,"isStrike":false,"isStroke":false,"isUnderline":false,"letterSpacing":0.0,"lineSpacingMultiplier":1.0,"paddingHeight":0.0,"paddingWidth":0.0,"skewX":0.0,"strokeWidth":1.0,"text":"Summer","textAlpha":255.0,"textColor":-1,"textShaderIndex":-1.0,"textShadowIndex":0.0,"textSize":120.0,"textStyle":0.0}}}],"width":1080.0}