{"background":{"backgroundImage":{"path":"Bg_Life 8.png","type":"file"},"blurValue":0.0,"canModifyValue":false,"isBlur":false,"type":"blur"},"frameWidth":0.0,"height":1480.0,"items":[{"sticker":{"itemAttrs":{"canModify":true,"itemID":"1_photo 1","shape":{"figma":{"height":285.8900146484375,"left":93.8525390625,"rotation":0.0,"top":338.0,"width":285.8900146484375}},"textAngle":0.0},"sticker":{"path":"1_photo 1.png","type":"file"}}},{"sticker":{"itemAttrs":{"canModify":true,"itemID":"1_photo 3","shape":{"figma":{"height":285.8900146484375,"left":93.8525390625,"rotation":0.0,"top":643.0,"width":285.8900146484375}},"textAngle":0.0},"sticker":{"path":"1_photo 3.png","type":"file"}}},{"sticker":{"itemAttrs":{"canModify":true,"itemID":"1_photo 4","shape":{"figma":{"height":285.8900146484375,"left":93.8505859375,"rotation":0.0,"top":949.119140625,"width":589.8704223632812}},"textAngle":0.0},"sticker":{"path":"1_photo 4.png","type":"file"}}},{"sticker":{"itemAttrs":{"canModify":true,"itemID":"1_photo 2","shape":{"figma":{"height":591.7010498046875,"left":396.35400390625,"rotation":0.0,"top":337.7578125,"width":589.2742309570312}},"textAngle":0.0},"sticker":{"path":"1_photo 2.png","type":"file"}}},{"sticker":{"itemAttrs":{"canModify":true,"itemID":"1_photo 5","shape":{"figma":{"height":285.8900146484375,"left":699.8837890625,"rotation":0.0,"top":949.0,"width":285.8900146484375}},"textAngle":0.0},"sticker":{"path":"1_photo 5.png","type":"file"}}}],"width":1080.0}