{"background":{"backgroundImage":{"path":"Bg_Summer 4.png","type":"file"},"blurValue":0.0,"canModifyValue":false,"isBlur":false,"type":"blur"},"frameWidth":0.0,"height":1480.0,"items":[{"sticker":{"itemAttrs":{"canModify":true,"itemID":"1_element 3","shape":{"figma":{"height":1481.0,"left":0.0,"rotation":0.0,"top":0.0,"width":1080.0}},"textAngle":0.0},"sticker":{"path":"1_element 3.png","type":"file"}}},{"sticker":{"itemAttrs":{"canModify":true,"itemID":"1_element 2","shape":{"figma":{"height":1102.0,"left":0.0,"rotation":0.0,"top":189.0,"width":1080.0}},"textAngle":0.0},"sticker":{"path":"1_element 2.png","type":"file"}}},{"sticker":{"itemAttrs":{"canModify":true,"itemID":"1_photo 1","shape":{"figma":{"height":816.886943855442,"left":212.0,"rotation":0.0,"top":373.00000600354997,"width":778.5194579928911}},"textAngle":0.0},"sticker":{"path":"1_photo 1.png","type":"file"}}},{"sticker":{"itemAttrs":{"canModify":true,"itemID":"1_element 1","shape":{"figma":{"height":671.0,"left":0.0,"rotation":0.0,"top":809.0,"width":511.0}},"textAngle":0.0},"sticker":{"path":"1_element 1.png","type":"file"}}},{"text":{"itemAttrs":{"canModify":true,"itemID":"21:81","shape":{"figma":{"height":168.0,"left":185.0,"rotation":0.0,"top":92.0,"width":710.0}},"textAngle":0.0},"textAttrs":{"alignment":0.0,"backgroundAlpha":255.0,"backgroundBorder":0.0,"backgroundColor":0.0,"fontFamily":"Pattaya","fontIndex":26.0,"gravity":0.0,"isAutoFill":false,"isBold":false,"isRTL":false,"isShowBackground":false,"isStrike":false,"isStroke":false,"isUnderline":false,"letterSpacing":0.0,"lineSpacingMultiplier":1.0,"paddingHeight":0.0,"paddingWidth":0.0,"skewX":0.0,"strokeWidth":1.0,"text":"Warm holiday","textAlpha":255.0,"textColor":-1213317,"textShaderIndex":-1.0,"textShadowIndex":0.0,"textSize":121.19509887695312,"textStyle":0.0}}}],"width":1080.0}