{"background":{"backgroundImage":{"path":"Bg_Life 8.png","type":"file"},"blurValue":0.0,"canModifyValue":false,"isBlur":false,"type":"blur"},"frameWidth":0.0,"height":1480.0,"items":[{"sticker":{"itemAttrs":{"canModify":true,"itemID":"1_photo 2","shape":{"figma":{"height":1478.0,"left":0.0,"rotation":0.0,"top":1.0,"width":502.0}},"textAngle":0.0},"sticker":{"path":"1_photo 2.png","type":"file"}}},{"text":{"itemAttrs":{"canModify":true,"itemID":"55:150","shape":{"figma":{"height":70.0,"left":502.0,"rotation":0.0,"top":249.0,"width":349.0}},"textAngle":0.0},"textAttrs":{"alignment":0.0,"backgroundAlpha":255.0,"backgroundBorder":0.0,"backgroundColor":0.0,"fontFamily":"Aboreto","fontIndex":26.0,"gravity":0.0,"isAutoFill":false,"isBold":false,"isRTL":false,"isShowBackground":false,"isStrike":false,"isStroke":false,"isUnderline":false,"letterSpacing":0.0,"lineSpacingMultiplier":1.0,"paddingHeight":0.0,"paddingWidth":0.0,"skewX":0.0,"strokeWidth":1.0,"text":"I LOVE YOU","textAlpha":255.0,"textColor":-14209738,"textShaderIndex":-1.0,"textShadowIndex":0.0,"textSize":48.0,"textStyle":0.0}}},{"sticker":{"itemAttrs":{"canModify":true,"itemID":"1_photo 1","shape":{"figma":{"height":802.0,"left":208.0,"rotation":0.0,"top":340.0,"width":664.0}},"textAngle":0.0},"sticker":{"path":"1_photo 1.png","type":"file"}}}],"width":1080.0}