{"background":{"backgroundImage":{"path":"Bg_Travel 10.png","type":"file"},"blurValue":0.0,"canModifyValue":false,"isBlur":false,"type":"blur"},"frameWidth":0.0,"height":1480.0,"items":[{"sticker":{"itemAttrs":{"canModify":false,"itemID":"Frame 1","shape":{"figma":{"height":687.9218455553055,"left":91.0,"rotation":0.0,"top":74.99831986427307,"width":687.9218455553055}},"textAngle":0.0},"sticker":{"path":"Frame 1.png","type":"file"}}},{"sticker":{"itemAttrs":{"canModify":true,"itemID":"1_Photos 1","shape":{"figma":{"height":502.88360023498535,"left":125.5595703125,"rotation":0.0,"top":137.6519614458084,"width":613.0539273619652}},"textAngle":0.0},"sticker":{"path":"1_Photos 1.png","type":"file"}}},{"sticker":{"itemAttrs":{"canModify":false,"itemID":"Frame 2","shape":{"figma":{"height":737.3256273269653,"left":81.00031924247742,"rotation":0.0,"top":731.3359375,"width":737.3256273269653}},"textAngle":0.0},"sticker":{"path":"Frame 2.png","type":"file"}}},{"sticker":{"itemAttrs":{"canModify":true,"itemID":"1_Photos 2","shape":{"figma":{"height":549.8377550840378,"left":132.26654267311096,"rotation":0.0,"top":795.62890625,"width":646.2419201135635}},"textAngle":0.0},"sticker":{"path":"1_Photos 2.png","type":"file"}}},{"sticker":{"itemAttrs":{"canModify":false,"itemID":"Element 1","shape":{"figma":{"height":231.0,"left":105.0,"rotation":0.0,"top":597.0,"width":231.0}},"textAngle":0.0},"sticker":{"path":"Element 1.png","type":"file"}}},{"sticker":{"itemAttrs":{"canModify":false,"itemID":"Element 2","shape":{"figma":{"height":231.0,"left":540.0,"rotation":0.0,"top":1249.0,"width":231.0}},"textAngle":0.0},"sticker":{"path":"Element 2.png","type":"file"}}},{"sticker":{"itemAttrs":{"canModify":false,"itemID":"Element 3","shape":{"figma":{"height":370.0,"left":710.0,"rotation":0.0,"top":578.0,"width":370.0}},"textAngle":0.0},"sticker":{"path":"Element 3.png","type":"file"}}}],"width":1080.0}