{"background":{"backgroundImage":{"path":"Bg_Easter 1.png","type":"file"},"blurValue":0.0,"canModifyValue":false,"isBlur":false,"type":"blur"},"frameWidth":0.0,"height":1480.0,"items":[{"sticker":{"itemAttrs":{"canModify":true,"itemID":"1_photo 1","shape":{"figma":{"height":952.0,"left":88.0,"rotation":0.0,"top":245.0,"width":904.0}},"textAngle":0.0},"sticker":{"path":"1_photo 1.png","type":"file"}}},{"text":{"itemAttrs":{"canModify":true,"itemID":"87:7","shape":{"figma":{"height":289.0,"left":254.0,"rotation":0.0,"top":1119.0,"width":573.0}},"textAngle":0.0},"textAttrs":{"alignment":0.0,"backgroundAlpha":255.0,"backgroundBorder":0.0,"backgroundColor":0.0,"fontFamily":"Changa","fontIndex":26.0,"gravity":0.0,"isAutoFill":false,"isBold":false,"isRTL":false,"isShowBackground":false,"isStrike":false,"isStroke":false,"isUnderline":false,"letterSpacing":0.0,"lineSpacingMultiplier":1.0,"paddingHeight":0.0,"paddingWidth":0.0,"skewX":0.0,"strokeWidth":1.0,"text":"Easter","textAlpha":255.0,"textColor":-10991827,"textShaderIndex":-1.0,"textShadowIndex":0.0,"textSize":196.0,"textStyle":0.0}}}],"width":1080.0}