{"background":{"backgroundImage":{"path":"Bg_Postcard 5.png","type":"file"},"blurValue":0.0,"canModifyValue":false,"isBlur":false,"type":"blur"},"frameWidth":0.0,"height":1480.0,"items":[{"sticker":{"itemAttrs":{"canModify":true,"itemID":"1_Photos 1","shape":{"figma":{"height":1030.0,"left":100.0,"rotation":0.0,"top":245.0,"width":880.0}},"textAngle":0.0},"sticker":{"path":"1_Photos 1.png","type":"file"}}},{"text":{"itemAttrs":{"canModify":true,"itemID":"77:276","shape":{"figma":{"height":40.0,"left":449.0,"rotation":0.0,"top":88.0,"width":183.0}},"textAngle":0.0},"textAttrs":{"alignment":0.0,"backgroundAlpha":255.0,"backgroundBorder":0.0,"backgroundColor":0.0,"fontFamily":"Ibarra Real Nova","fontIndex":26.0,"gravity":0.0,"isAutoFill":false,"isBold":false,"isRTL":false,"isShowBackground":false,"isStrike":false,"isStroke":false,"isUnderline":false,"letterSpacing":0.0,"lineSpacingMultiplier":1.0,"paddingHeight":0.0,"paddingWidth":0.0,"skewX":0.0,"strokeWidth":1.0,"text":"Discover","textAlpha":255.0,"textColor":-16777216,"textShaderIndex":-1.0,"textShadowIndex":0.0,"textSize":32.0,"textStyle":0.0}}},{"text":{"itemAttrs":{"canModify":true,"itemID":"77:277","shape":{"figma":{"height":72.0,"left":100.0,"rotation":0.0,"top":1323.0,"width":254.0}},"textAngle":0.0},"textAttrs":{"alignment":0.0,"backgroundAlpha":255.0,"backgroundBorder":0.0,"backgroundColor":0.0,"fontFamily":"SF UI Display","fontIndex":26.0,"gravity":0.0,"isAutoFill":false,"isBold":false,"isRTL":false,"isShowBackground":false,"isStrike":false,"isStroke":false,"isUnderline":false,"letterSpacing":0.0,"lineSpacingMultiplier":1.0,"paddingHeight":0.0,"paddingWidth":0.0,"skewX":0.0,"strokeWidth":1.0,"text":"Cherish the memories","textAlpha":255.0,"textColor":-16777216,"textShaderIndex":-1.0,"textShadowIndex":0.0,"textSize":30.0,"textStyle":0.0}}},{"text":{"itemAttrs":{"canModify":true,"itemID":"77:278","shape":{"figma":{"height":72.0,"left":726.0,"rotation":0.0,"top":1323.0,"width":254.0}},"textAngle":0.0},"textAttrs":{"alignment":0.0,"backgroundAlpha":255.0,"backgroundBorder":0.0,"backgroundColor":0.0,"fontFamily":"SF UI Display","fontIndex":26.0,"gravity":0.0,"isAutoFill":false,"isBold":false,"isRTL":false,"isShowBackground":false,"isStrike":false,"isStroke":false,"isUnderline":false,"letterSpacing":0.0,"lineSpacingMultiplier":1.0,"paddingHeight":0.0,"paddingWidth":0.0,"skewX":0.0,"strokeWidth":1.0,"text":"Live in the moment","textAlpha":255.0,"textColor":-16777216,"textShaderIndex":-1.0,"textShadowIndex":0.0,"textSize":30.0,"textStyle":0.0}}}],"width":1080.0}