{"background":{"backgroundImage":{"path":"https://figma-alpha-api.s3.us-west-2.amazonaws.com/images/927976ae-50a7-475a-a55a-cf1a0ccba981","type":"file"},"blurValue":0.0,"canModifyValue":true,"isBlur":false,"type":"blur"},"frameWidth":0.0,"height":1280.0,"items":[{"sticker":{"itemAttrs":{"canModify":true,"itemID":"0:9","shape":{"figma":{"height":435.3853769712732,"left":59.927734375,"rotation":0.0,"top":-3492.8583847760165,"width":602.893286586208}},"textAngle":0.0},"sticker":{"path":"https://figma-alpha-api.s3.us-west-2.amazonaws.com/images/3376d016-3d95-4503-9319-14b2352aa68d","type":"file"}}},{"sticker":{"itemAttrs":{"canModify":true,"itemID":"0:10","shape":{"figma":{"height":441.7581359408596,"left":138.88796323147756,"rotation":0.0,"top":-3028.701416015625,"width":506.05424212924197}},"textAngle":0.0},"sticker":{"path":"https://figma-alpha-api.s3.us-west-2.amazonaws.com/images/6f4504f5-aa3e-4b6c-a450-aed6dd1cd18a","type":"file"}}}],"width":720.0}