{"background":{"backgroundImage":{"path":"https://figma-alpha-api.s3.us-west-2.amazonaws.com/images/c1bf670c-3789-4a35-99ff-cc400cde0102","type":"file"},"blurValue":0.0,"canModifyValue":true,"isBlur":false,"type":"blur"},"frameWidth":0.0,"height":1280.0,"items":[{"sticker":{"itemAttrs":{"canModify":true,"itemID":"0:9","shape":{"figma":{"height":435.3853769712732,"left":59.927734375,"rotation":0.0,"top":-3492.8583847760165,"width":602.893286586208}},"textAngle":0.0},"sticker":{"path":"https://figma-alpha-api.s3.us-west-2.amazonaws.com/images/925b05a5-c3b7-4356-ae8c-432eb7e9cf6f","type":"file"}}},{"sticker":{"itemAttrs":{"canModify":true,"itemID":"0:10","shape":{"figma":{"height":441.7581359408596,"left":138.88796323147756,"rotation":0.0,"top":-3028.701416015625,"width":506.05424212924197}},"textAngle":0.0},"sticker":{"path":"https://figma-alpha-api.s3.us-west-2.amazonaws.com/images/ed217076-5cb6-4f1e-9739-ee47a2a7029c","type":"file"}}}],"width":720.0}